semana,meta_spend,google_spend,dv360_spend,tiktok_spend,ventas
2024-01-01,8298.0,5919.0,4206.0,2789.0,78929.0
2024-01-08,8094.0,6335.0,5630.0,2840.0,76772.0
2024-01-15,8741.0,7207.0,4404.0,3067.0,81258.0
2024-01-22,9436.0,6479.0,4716.0,2671.0,78519.0
2024-01-29,8546.0,6644.0,4725.0,2953.0,83308.0
2024-02-05,8702.0,6595.0,4682.0,2655.0,82693.0
2024-02-12,9936.0,5782.0,4368.0,2922.0,78236.0
2024-02-19,9583.0,6828.0,4865.0,2805.0,82760.0
2024-02-26,8961.0,6962.0,4312.0,2922.0,81473.0
2024-03-04,9674.0,8243.0,4579.0,3130.0,85952.0
2024-03-11,9160.0,6982.0,4525.0,2663.0,77913.0
2024-03-18,9231.0,7284.0,4788.0,3704.0,83499.0
2024-03-25,9711.0,7157.0,5709.0,2637.0,84456.0
2024-04-01,8456.0,6618.0,4055.0,2576.0,74513.0
2024-04-08,8589.0,7789.0,5086.0,3413.0,78671.0
2024-04-15,9289.0,7595.0,4168.0,3285.0,76466.0
2024-04-22,9003.0,7604.0,4617.0,3222.0,80673.0
2024-04-29,9768.0,6730.0,5225.0,3213.0,83054.0
2024-05-06,8987.0,7851.0,4792.0,2975.0,84897.0
2024-05-13,8623.0,6402.0,4304.0,2646.0,78418.0
2024-05-20,10275.0,7340.0,4412.0,2963.0,85275.0
2024-05-27,9174.0,8077.0,4927.0,2672.0,77150.0
2024-06-03,9254.0,6415.0,4315.0,3221.0,74303.0
2024-06-10,8255.0,6549.0,4641.0,2795.0,76951.0
2024-06-17,8673.0,6800.0,4518.0,2524.0,78199.0
2024-06-24,8953.0,6413.0,4183.0,2664.0,76564.0
2024-07-01,8081.0,5803.0,5243.0,2886.0,69963.0
2024-07-08,8882.0,6527.0,4582.0,2508.0,75833.0
2024-07-15,8184.0,5877.0,3462.0,2382.0,69924.0
2024-07-22,8263.0,6565.0,4293.0,2722.0,76396.0
2024-07-29,7976.0,5793.0,3904.0,2691.0,73633.0
2024-08-05,9357.0,6959.0,4464.0,2399.0,73262.0
2024-08-12,8157.0,5732.0,3766.0,2387.0,70600.0
2024-08-19,7462.0,5912.0,4003.0,2612.0,68720.0
2024-08-26,8536.0,6439.0,4223.0,2006.0,72559.0
2024-09-02,7270.0,5387.0,4348.0,2008.0,71857.0
2024-09-09,8105.0,6098.0,3510.0,2242.0,68785.0
2024-09-16,6797.0,6633.0,3853.0,2417.0,71762.0
2024-09-23,7187.0,5184.0,3802.0,2604.0,67739.0
2024-09-30,8131.0,6102.0,3745.0,3020.0,70041.0
2024-10-07,8503.0,6175.0,4736.0,2819.0,72741.0
2024-10-14,8227.0,6484.0,4224.0,2483.0,70003.0
2024-10-21,8136.0,5535.0,3598.0,2557.0,69559.0
2024-10-28,8122.0,5567.0,4519.0,2244.0,68370.0
2024-11-04,7529.0,6573.0,5057.0,2623.0,77787.0
2024-11-11,8111.0,6556.0,4685.0,2569.0,73700.0
2024-11-18,8407.0,6637.0,3734.0,2826.0,72289.0
2024-11-25,9468.0,6799.0,4223.0,2471.0,76233.0
2024-12-02,9200.0,6406.0,5004.0,2992.0,75822.0
2024-12-09,8104.0,6988.0,4298.0,3400.0,75296.0
2024-12-16,9529.0,7148.0,4845.0,2879.0,79443.0
2024-12-23,9280.0,6776.0,5066.0,3113.0,79744.0
2024-12-30,9283.0,8199.0,4474.0,3269.0,78310.0
2025-01-06,10232.0,7636.0,4909.0,2942.0,78902.0
2025-01-13,10657.0,6933.0,3723.0,3215.0,79144.0
2025-01-20,10764.0,7983.0,4693.0,3194.0,76239.0
2025-01-27,9862.0,7287.0,5082.0,3274.0,77155.0
2025-02-03,10331.0,8281.0,4759.0,3016.0,85834.0
2025-02-10,10856.0,8572.0,5981.0,3339.0,88352.0
2025-02-17,11369.0,7678.0,4820.0,3544.0,83021.0
2025-02-24,10610.0,8655.0,5273.0,3913.0,86049.0
2025-03-03,10883.0,8453.0,5550.0,3772.0,85645.0
2025-03-10,10412.0,8718.0,6115.0,4215.0,92986.0
2025-03-17,10423.0,9304.0,4996.0,3213.0,87613.0
2025-03-24,11675.0,8268.0,6059.0,3801.0,85515.0
2025-03-31,12030.0,8035.0,5612.0,3569.0,83167.0
2025-04-07,11184.0,7975.0,5221.0,4275.0,80960.0
2025-04-14,11823.0,8007.0,5795.0,3224.0,85563.0
2025-04-21,11414.0,8359.0,5678.0,3205.0,82984.0
2025-04-28,10771.0,8539.0,5339.0,3277.0,80661.0
2025-05-05,11320.0,8466.0,5579.0,2726.0,82461.0
2025-05-12,11958.0,8690.0,5363.0,3264.0,82206.0
2025-05-19,10933.0,8222.0,5522.0,3157.0,87518.0
2025-05-26,11801.0,8874.0,5696.0,3447.0,86844.0
2025-06-02,9191.0,7940.0,6016.0,3483.0,81076.0
2025-06-09,11149.0,9352.0,4833.0,3986.0,87485.0
2025-06-16,10596.0,8220.0,6125.0,3627.0,82418.0
2025-06-23,10249.0,7393.0,4434.0,3057.0,77328.0
2025-06-30,10369.0,7200.0,5096.0,2909.0,83027.0
2025-07-07,9008.0,7891.0,5335.0,3360.0,80031.0
2025-07-14,9959.0,7456.0,5158.0,2691.0,75649.0
2025-07-21,10201.0,7847.0,4744.0,3762.0,78687.0
2025-07-28,10777.0,7654.0,4862.0,3504.0,76883.0
2025-08-04,9493.0,7317.0,4705.0,2900.0,73167.0
2025-08-11,9244.0,6874.0,4629.0,2441.0,77423.0
2025-08-18,9367.0,6493.0,5174.0,3495.0,80427.0
2025-08-25,10170.0,6992.0,4953.0,2966.0,72912.0
2025-09-01,9786.0,7620.0,4517.0,3430.0,78127.0
2025-09-08,9256.0,7288.0,5147.0,2434.0,73534.0
2025-09-15,9884.0,6559.0,4911.0,2783.0,73849.0
2025-09-22,9655.0,7284.0,5123.0,3001.0,74494.0
2025-09-29,10215.0,7418.0,5069.0,3027.0,74539.0
2025-10-06,9268.0,6825.0,4513.0,2870.0,74810.0
2025-10-13,9566.0,7399.0,4657.0,3269.0,74096.0
2025-10-20,9617.0,7418.0,5225.0,2705.0,76890.0
2025-10-27,9079.0,6897.0,5223.0,3062.0,75386.0
2025-11-03,10255.0,7737.0,5031.0,3191.0,77322.0
2025-11-10,10368.0,7939.0,5153.0,3371.0,76415.0
2025-11-17,10360.0,8309.0,5690.0,3486.0,78212.0
2025-11-24,10372.0,8412.0,5020.0,2892.0,81227.0
2025-12-01,9828.0,7319.0,5558.0,2800.0,79396.0
2025-12-08,10596.0,7667.0,5343.0,3837.0,77827.0
2025-12-15,10817.0,8525.0,5424.0,3561.0,81826.0
2025-12-22,10719.0,8657.0,6040.0,3238.0,83888.0
